id;cust_name;gender;cust_ic;cust_email;cust_phone;company_name;cust_job_title;engage
1;Assistant;MALE;heuristic program;"[P5z@-7com";firmware empower auxiliary;Principal Sahara;Kong deposit;Twitter
2;relationships dedicated users;FEMALE;azure online fuchsia;")7`@?=*bi*&com";Generic bluetooth;copying;multi-byte;Twitter
3;transmit;MALE;Licensed;"Y@0c5Zxicom";multi-tasking Investment Electronics;redundant;invoice Tuna Pine;Twitter
4;connect Omani;MALE;Concrete;"i(n/S@QKRcom";Georgia;override;deposit Horizontal;Website
5;Kenya UIC-Franc;MALE;redefine;"n5'-@Iw>&com";matrix;Via;overriding Japan multi-tasking;Instagram
6;gold high-level;FEMALE;International;"#@:i*com";Manat;Account silver wireless;Kids Open-source parsing;LinkedIn
7;Litas Internal deposit;FEMALE;functionalities Meadows;"';s-hv@2GfY#com";Maine Sausages user;deliverables transmitter salmon;Gorgeous up neural;Instagram
8;portal;FEMALE;Mississippi payment fuchsia;"D@hn[N9com";Afghani;XSS Curve deposit;Dam up;Website
9;Buckinghamshire turquoise User;FEMALE;e-tailers;"eL{\XL@dD*Xwcom";optimize;harness;Peso Engineer Buckinghamshire;Twitter
10;Gorgeous;FEMALE;JSON Data synthesize;"hX@}9com";Kiribati Solutions;blockchains;Beauty Awesome Upgradable;LinkedIn
