id;emp_name;emp_age;gender;emp_job_title;emp_phone;emp_email;engage
1;calculate networks;39;FEMALE;port innovative;Dale Granite leading-edge;"HW)h@}p'com";Instagram
2;Indiana;22;MALE;monitor Account Garden;Isle cross-platform;"v@nT>w>com";Twitter
3;Granite;44;FEMALE;Berkshire;value-added;"B`@2f^SKD?com";Website
4;calculate Decentralized Uzbekistan;38;MALE;Sausages;Island Expressway infrastructures;")@]Q{V7com";Instagram
5;Electronics;41;FEMALE;Bacon Officer;Table;"!f2-5@ki#com";LinkedIn
6;users;20;FEMALE;Small architecture;Profound Chair;"0@yR0<wcom";Twitter
7;Soft Steel Awesome;30;MALE;Malaysia invoice De-engineered;Integrated payment;")8$]@6yK*tcom";Instagram
8;SMS SMTP customized;20;MALE;adapter invoice Philippine;Computer Games bottom-line;"p'BIa@?M;$/ucom";Website
9;circuit eyeballs;41;MALE;Assimilated;Market Expanded;"v~|dl-@vRr!W&com";Website
10;Licensed;21;MALE;supply-chains;mesh;"I|t|n@v'W4!com";Instagram
